Brand,Model Year,Mileage (miles),Fuel Type,Condition,Transmission,Resale Price
Toyota,2002,183555.0,Hybrid,1.0,Manual,1000.0
Mercedes,2008,117468.0,Hybrid,4.0,Automatic,15340.0
BMW,2005,147939.0,Diesel,4.0,Manual,4635.0
Nissan,2019,75532.0,Gasoline,4.0,Manual,22709.0
Mercedes,2003,29005.0,Diesel,3.0,Automatic,11533.0
Mercedes,2014,96935.0,Gasoline,1.0,Manual,18177.0
Hyundai,2010,36638.0,Gasoline,2.0,Automatic,8313.0
Chevrolet,2013,27782.0,Hybrid,4.0,Manual,18676.0
Kia,2002,25001.0,Gasoline,3.0,Manual,4690.0
Hyundai,2016,170842.0,Gasoline,5.0,Manual,17012.0
Toyota,2022,86325.0,Electric,2.0,Manual,31679.0
Audi,2014,141746.0,Hybrid,2.0,Manual,19823.0
Hyundai,2015,102762.0,Hybrid,1.0,Manual,11900.0
Honda,2015,196233.0,Gasoline,2.0,Manual,15195.5
Nissan,2002,69351.0,Electric,3.0,Automatic,4071.0
Chevrolet,2015,66613.0,Gasoline,1.0,Manual,12422.0
Ford,2021,175441.0,Gasoline,2.0,Automatic,15952.0
Ford,2005,89870.0,Gasoline,4.0,Manual,6965.0
Honda,2004,116930.0,Electric,3.0,Automatic,4111.0
Ford,2006,174820.0,Hybrid,3.0,Automatic,2360.0
Chevrolet,2021,31170.0,,5.0,Manual,26629.0
Toyota,2003,147231.0,Gasoline,2.0,Manual,1000.0
BMW,2022,10639.0,Electric,2.0,Automatic,46004.0
Kia,2020,50376.0,Diesel,1.0,Manual,17389.0
Chevrolet,2010,87479.0,Gasoline,4.0,Automatic,15547.0
Ford,2023,15040.0,Diesel,3.0,Automatic,26016.0
Nissan,2022,48075.0,Electric,3.0,Automatic,31895.0
BMW,2005,94353.0,Diesel,4.0,Manual,11790.0
Mercedes,2006,55118.0,Gasoline,5.0,Automatic,16715.0
Kia,2006,129424.0,Electric,1.0,Automatic,1000.0
Hyundai,2003,99820.0,Electric,4.0,Manual,8123.0
Kia,2018,54584.0,Gasoline,4.0,Manual,19628.0
BMW,2008,52783.0,Electric,3.0,Automatic,20233.0
Ford,2015,127187.0,Diesel,2.0,Manual,9738.0
BMW,2013,68113.0,Electric,1.0,Manual,23288.0
Toyota,2024,171606.0,Electric,1.0,Manual,28052.0
Chevrolet,2023,88162.0,Hybrid,2.0,Automatic,21860.0
Chevrolet,2004,174682.0,Hybrid,1.0,Automatic,1000.0
Mercedes,2016,127545.0,Diesel,1.0,Automatic,15783.0
Kia,2022,,Diesel,2.0,Automatic,19787.0
Mercedes,2011,33483.0,Gasoline,3.0,Automatic,22912.0
Honda,2005,80590.0,Electric,3.0,Automatic,15195.5
Hyundai,2021,79653.0,Gasoline,5.0,Manual,23048.0
Audi,2017,,Hybrid,5.0,Automatic,15195.5
Kia,2009,167994.0,Diesel,4.0,Automatic,4612.0
Nissan,2018,186661.0,Hybrid,2.0,Manual,13778.0
Honda,2023,15768.0,Diesel,,Manual,27883.0
BMW,2010,61889.0,Hybrid,4.0,Manual,23642.0
Chevrolet,2014,150141.0,Electric,1.0,Automatic,7490.0
Honda,2021,47837.0,Diesel,1.0,Automatic,25749.0
Kia,2001,72413.0,Gasoline,2.0,Automatic,1000.0
Mercedes,2014,36525.0,Electric,5.0,Automatic,41571.0
Kia,2023,124347.0,Electric,4.0,Manual,32080.0
Mercedes,2002,44096.0,Hybrid,2.0,Manual,5336.0
Audi,2011,140435.0,Gasoline,4.0,Manual,13815.0
Hyundai,2022,183702.0,Diesel,2.0,Manual,13417.0
Nissan,2000,43675.0,Diesel,4.0,Automatic,7510.0
Chevrolet,2004,12746.0,Diesel,2.0,Manual,9143.0
Toyota,2017,112536.0,,4.0,Manual,29256.0
Toyota,2016,44235.0,Gasoline,1.0,Automatic,20662.0
Nissan,2014,50097.0,Electric,1.0,Automatic,16767.0
Chevrolet,2021,98611.0,Diesel,3.0,Automatic,19087.0
Kia,2013,188564.0,Hybrid,3.0,Manual,15195.5
Mercedes,2018,25848.0,Hybrid,4.0,Manual,15195.5
Hyundai,2013,19255.0,Hybrid,5.0,Automatic,15195.5
Toyota,2022,135317.0,Hybrid,2.0,Automatic,25443.0
Honda,2022,105106.0,Electric,2.0,Manual,29613.0
Audi,2001,13736.0,Electric,3.0,Automatic,7850.0
Toyota,2000,48886.0,Gasoline,4.0,Manual,4415.0
Ford,2002,180816.0,Hybrid,2.0,Automatic,1000.0
Ford,2011,165699.0,Gasoline,5.0,Manual,8984.0
Nissan,2002,165110.0,Hybrid,1.0,Automatic,1000.0
Chevrolet,2011,148072.0,,2.0,Automatic,7749.0
Audi,2011,140259.0,Hybrid,3.0,Automatic,13679.0
Hyundai,2022,105050.0,Gasoline,5.0,Automatic,25719.0
Chevrolet,2019,175992.0,Hybrid,5.0,Automatic,24700.0
Audi,2022,44619.0,Diesel,4.0,Manual,41010.0
Honda,2004,11243.0,Hybrid,1.0,Manual,5709.0
Nissan,2014,,Gasoline,5.0,Manual,18266.0
Kia,2015,147216.0,Electric,3.0,Manual,13859.0
Mercedes,2002,118716.0,Gasoline,4.0,Automatic,5496.0
Nissan,2001,155540.0,Gasoline,2.0,Automatic,15195.5
Toyota,2008,35545.0,Diesel,2.0,Automatic,12939.0
Kia,2006,53887.0,Gasoline,3.0,Automatic,11035.0
Mercedes,2020,186824.0,Gasoline,2.0,Manual,23092.0
Nissan,2018,106205.0,Electric,3.0,Automatic,25774.0
Mercedes,2022,38248.0,Gasoline,5.0,Automatic,43526.0
Toyota,2019,59452.0,Electric,3.0,Manual,31509.0
Honda,2013,82037.0,Hybrid,4.0,Manual,24421.0
Audi,2014,85219.0,Hybrid,1.0,Automatic,17702.0
Ford,2019,151199.0,Gasoline,2.0,Manual,13938.0
Hyundai,2021,176650.0,Hybrid,3.0,Automatic,20413.0
Kia,2002,123476.0,Diesel,,Manual,1000.0
Mercedes,2022,172266.0,Gasoline,5.0,Automatic,36126.0
BMW,2023,16013.0,Hybrid,4.0,Manual,51605.0
BMW,2000,26929.0,Hybrid,5.0,Manual,14691.0
Toyota,2009,144489.0,Gasoline,4.0,Manual,8265.0
Audi,2023,141260.0,Diesel,1.0,Automatic,22757.0
BMW,2009,136414.0,Diesel,4.0,Manual,12812.0
Honda,2006,102874.0,Diesel,2.0,Automatic,7201.0
Audi,2024,59802.0,,2.0,Automatic,49808.0
BMW,2001,14417.0,Electric,3.0,Automatic,7766.0
Honda,2010,157966.0,Hybrid,1.0,Automatic,4287.0
Hyundai,2000,117256.0,Hybrid,2.0,Manual,1000.0
Honda,2008,37563.0,Hybrid,1.0,Automatic,9231.0
Honda,2013,198780.0,Electric,2.0,Manual,9879.0
Honda,2020,142339.0,Electric,4.0,Automatic,33332.0
Mercedes,2017,48529.0,Hybrid,5.0,Automatic,40443.0
Kia,2003,83766.0,Gasoline,2.0,Manual,4723.0
Toyota,2018,173642.0,Electric,4.0,Manual,25654.0
Toyota,2015,97030.0,Diesel,,Automatic,16155.0
Audi,2004,159534.0,Gasoline,5.0,Manual,5722.0
Nissan,2006,37300.0,Diesel,5.0,Manual,12514.0
Ford,2011,198654.0,Diesel,3.0,Manual,6550.0
Toyota,2006,80207.0,Electric,5.0,Automatic,18833.0
Chevrolet,2004,193097.0,Diesel,3.0,Automatic,1159.0
Ford,2014,193612.0,Electric,3.0,Manual,12991.0
Audi,2024,15880.0,Hybrid,3.0,Manual,50391.0
Audi,2004,123108.0,Electric,1.0,Automatic,1000.0
BMW,2022,94338.0,Diesel,4.0,Automatic,15195.5
Audi,2003,116764.0,Gasoline,,Manual,7538.0
Honda,2011,139102.0,Diesel,5.0,Manual,17971.0
Ford,2004,45846.0,Diesel,1.0,Manual,1000.0
BMW,2002,60665.0,Diesel,3.0,Automatic,6512.0
Audi,2019,97553.0,Electric,4.0,Automatic,15195.5
Toyota,2018,57919.0,Gasoline,3.0,Manual,21624.0
Audi,2009,187997.0,Hybrid,1.0,Manual,1000.0
Chevrolet,2013,135154.0,Hybrid,4.0,Automatic,12337.0
Hyundai,2004,52740.0,Electric,,Manual,6793.0
Ford,2017,125434.0,Diesel,5.0,Manual,18847.0
Hyundai,2015,94789.0,Diesel,3.0,Automatic,17245.0
Hyundai,2006,122338.0,Diesel,2.0,Automatic,4363.0
Hyundai,2024,165601.0,Gasoline,5.0,Manual,21900.0
Chevrolet,2015,106196.0,Electric,3.0,Manual,16500.0
Honda,2004,18141.0,Diesel,1.0,Manual,6956.0
Ford,2015,114639.0,Electric,1.0,Manual,14905.0
Kia,2010,141488.0,Hybrid,2.0,Manual,7056.0
Toyota,2024,41122.0,Gasoline,4.0,Manual,33597.0
Toyota,2017,,Hybrid,1.0,Manual,13123.0
Toyota,2011,34867.0,Hybrid,2.0,Automatic,14912.0
Audi,2024,170323.0,Diesel,2.0,Manual,26729.0
Chevrolet,2011,30747.0,Hybrid,3.0,Manual,18758.0
Audi,2018,196290.0,Diesel,2.0,Automatic,14603.0
Ford,2022,46479.0,Hybrid,4.0,Automatic,27951.0
Toyota,2021,187296.0,Hybrid,2.0,Manual,20689.0
Toyota,2008,19119.0,,5.0,Automatic,17432.0
Toyota,2003,134073.0,Gasoline,2.0,Automatic,1000.0
Hyundai,2008,166789.0,Gasoline,5.0,Automatic,6396.0
Chevrolet,2020,55103.0,Hybrid,1.0,Automatic,15195.5
Ford,2007,163572.0,,4.0,Manual,6976.0
Audi,2009,183417.0,Hybrid,4.0,Manual,15195.5
Kia,2009,129245.0,Gasoline,4.0,Manual,10744.0
Kia,2004,27340.0,Hybrid,2.0,Automatic,3632.0
Chevrolet,2014,14483.0,Gasoline,4.0,Manual,15195.5
Toyota,2015,101272.0,Diesel,5.0,Automatic,20113.0
Audi,2017,93289.0,Gasoline,4.0,Manual,27299.0
Audi,2019,30975.0,Diesel,3.0,Automatic,35916.0
Chevrolet,2021,146062.0,Hybrid,2.0,Manual,18850.0
Audi,2007,138244.0,Diesel,2.0,Automatic,4801.0
Kia,2005,170097.0,Electric,4.0,Manual,2533.0
Hyundai,2004,125028.0,Diesel,1.0,Automatic,1000.0
Toyota,2024,158644.0,Gasoline,5.0,Manual,28795.0
Nissan,2010,138114.0,,3.0,Manual,9751.0
Nissan,2000,45920.0,Electric,5.0,Manual,11025.0
Honda,2022,198374.0,Gasoline,1.0,Automatic,13771.0
Chevrolet,2015,21047.0,Gasoline,4.0,Automatic,22927.0
Chevrolet,2001,96328.0,Hybrid,2.0,Automatic,1000.0
BMW,2012,18621.0,Electric,2.0,Manual,28931.0
Audi,2004,25684.0,Gasoline,2.0,Manual,6889.0
Nissan,2024,157034.0,Diesel,3.0,Manual,20467.0
Audi,2020,133025.0,Electric,2.0,Automatic,32411.0
Chevrolet,2024,93980.0,Gasoline,4.0,Manual,27806.0
BMW,2007,189371.0,Electric,3.0,Manual,3550.0
Mercedes,2014,43544.0,Electric,5.0,Manual,40829.0
Chevrolet,2013,185961.0,Gasoline,1.0,Automatic,4097.0
Nissan,2024,58208.0,Electric,1.0,Automatic,31688.0
Honda,2022,174075.0,Hybrid,3.0,Automatic,25794.0
BMW,2001,75519.0,Diesel,5.0,Automatic,11178.0
Toyota,2013,196722.0,Diesel,1.0,Automatic,7940.0
Ford,2006,13027.0,Hybrid,2.0,Automatic,11732.0
Kia,2023,182329.0,Gasoline,5.0,Automatic,23087.0
Ford,2021,110866.0,Hybrid,2.0,Manual,22332.0
Nissan,2022,168900.0,Electric,2.0,Manual,15195.5
Ford,2023,158227.0,Hybrid,1.0,Automatic,20253.0
Ford,2008,144506.0,Hybrid,5.0,Automatic,9914.0
Hyundai,2020,145765.0,Electric,2.0,Automatic,21258.0
Nissan,2003,61338.0,Diesel,5.0,Automatic,10598.0
Ford,2018,174663.0,Electric,3.0,Automatic,21088.0
Chevrolet,2010,69067.0,Hybrid,2.0,Automatic,10597.0
BMW,2022,89469.0,Hybrid,1.0,Manual,30181.0
Nissan,2002,47409.0,Diesel,1.0,Manual,1584.0
Audi,2007,169991.0,Gasoline,2.0,Manual,3375.0
Mercedes,2017,44374.0,Diesel,1.0,Automatic,21242.0
Nissan,2022,157405.0,Gasoline,1.0,Automatic,15187.0
Hyundai,2000,142579.0,Hybrid,3.0,Automatic,1000.0
Audi,2015,101279.0,Hybrid,2.0,Automatic,24410.0
Mercedes,2012,12051.0,Gasoline,1.0,Automatic,21040.0
Nissan,2020,63929.0,Hybrid,2.0,Automatic,20727.0
Chevrolet,2005,116284.0,Electric,2.0,Manual,4623.0
Ford,2007,77923.0,Electric,4.0,Automatic,11591.0
Chevrolet,2023,30395.0,Gasoline,1.0,Automatic,22771.0
Nissan,2008,86372.0,Electric,4.0,Automatic,15883.0
Mercedes,2023,90717.0,Electric,2.0,Manual,44545.0
Mercedes,2012,195747.0,Electric,1.0,Manual,6961.0
Ford,2006,190769.0,Hybrid,1.0,Manual,15195.5
Chevrolet,2018,104771.0,Hybrid,2.0,Manual,16634.0
Toyota,2002,37925.0,Gasoline,4.0,Manual,11397.0
Mercedes,2001,73544.0,Diesel,1.0,Manual,1000.0
Chevrolet,2014,62669.0,Diesel,3.0,Automatic,18329.0
Audi,2008,163596.0,Gasoline,3.0,Manual,8143.0
Nissan,2003,134267.0,Gasoline,3.0,Manual,2787.0
BMW,2002,95260.0,Diesel,3.0,Automatic,3954.0
Ford,2001,117664.0,Electric,3.0,Manual,1000.0
Hyundai,2013,98517.0,Diesel,5.0,Manual,19307.0
Toyota,2012,72794.0,Hybrid,1.0,Automatic,14515.0
Hyundai,2024,184346.0,Diesel,1.0,Automatic,14941.0
Honda,2010,,Diesel,5.0,Automatic,13322.0
Honda,2007,99143.0,Hybrid,5.0,Manual,17102.0
Mercedes,2013,78289.0,Diesel,2.0,Manual,17265.0
Ford,2017,29716.0,Diesel,1.0,Manual,16791.0
Hyundai,2021,172677.0,Gasoline,3.0,Manual,16374.0
Ford,2001,125203.0,Diesel,5.0,Manual,4221.0
Audi,2010,18659.0,Diesel,1.0,Manual,15706.0
Mercedes,2021,37298.0,Hybrid,4.0,Manual,44356.0
Chevrolet,2019,176330.0,Hybrid,5.0,Automatic,24877.0
Audi,2024,24009.0,Diesel,3.0,Automatic,41502.0
Ford,2009,137641.0,,1.0,Manual,1000.0
Toyota,2003,186954.0,Electric,5.0,Automatic,5403.0
Audi,2006,89325.0,Electric,3.0,Manual,10039.0
Ford,2007,78381.0,Diesel,2.0,Manual,6402.0
Kia,2004,189692.0,Electric,2.0,Manual,1000.0
BMW,2018,187041.0,Electric,5.0,Automatic,33697.0
Chevrolet,2018,72915.0,Electric,3.0,Automatic,27049.0
BMW,2003,30202.0,Diesel,3.0,Automatic,11221.0
Nissan,2022,147790.0,Electric,5.0,Automatic,31639.0
Ford,2008,36605.0,Electric,5.0,Manual,17150.0
Ford,2023,,Diesel,1.0,Manual,15399.0
Audi,2017,12782.0,Gasoline,1.0,Manual,25232.0
Toyota,2021,59016.0,,4.0,Automatic,34400.0
Honda,2010,44959.0,Diesel,3.0,Automatic,15033.0
Audi,2019,136713.0,Gasoline,3.0,Manual,28653.0
Mercedes,2018,59069.0,Hybrid,2.0,Automatic,32061.0
Toyota,2001,133767.0,Hybrid,1.0,Manual,1000.0
Honda,2012,171830.0,Gasoline,5.0,Automatic,16358.0
Honda,2024,147505.0,Diesel,4.0,Manual,26164.0
Honda,2003,13469.0,Gasoline,4.0,Manual,9697.0
Hyundai,2004,53878.0,Gasoline,1.0,Automatic,1777.0
Mercedes,2008,117932.0,Diesel,4.0,Automatic,11466.0
Audi,2016,23625.0,Diesel,3.0,Automatic,29378.0
Chevrolet,2017,51836.0,Hybrid,4.0,Automatic,22102.0
Honda,2003,147205.0,Diesel,2.0,Automatic,1000.0
Hyundai,2022,92226.0,Electric,3.0,Automatic,28902.0
Honda,2016,170584.0,Electric,2.0,Automatic,18026.0
Chevrolet,2012,12116.0,Electric,1.0,Automatic,15813.0
BMW,2013,191561.0,Electric,5.0,Manual,23051.0
BMW,2020,125072.0,Diesel,3.0,Manual,28851.0
Toyota,2011,52448.0,Diesel,4.0,Automatic,17588.0
Kia,2017,188381.0,Diesel,4.0,Manual,15302.0
Toyota,2020,46333.0,Gasoline,4.0,Automatic,15195.5
Kia,2005,131062.0,Gasoline,4.0,Automatic,3163.0
Hyundai,2018,49232.0,Hybrid,5.0,Automatic,29154.0
Nissan,2005,132350.0,Electric,5.0,Manual,10583.0
BMW,2022,18123.0,Electric,1.0,Automatic,43540.0
Toyota,2002,89381.0,Electric,4.0,Manual,5813.0
Ford,2007,146185.0,Gasoline,2.0,Automatic,1774.0
Kia,2001,173978.0,Gasoline,3.0,Manual,1000.0
Kia,2006,149637.0,Hybrid,3.0,Automatic,4024.0
Ford,2018,128758.0,Gasoline,3.0,Manual,17199.0
Kia,2022,39413.0,,5.0,Automatic,40050.0
BMW,2019,95388.0,Gasoline,4.0,Automatic,33010.0
Mercedes,2000,75920.0,Electric,5.0,Manual,8554.0
Chevrolet,2007,149055.0,Electric,5.0,Automatic,10644.0
Mercedes,2000,22471.0,Hybrid,4.0,Manual,13087.0
BMW,2000,192771.0,Hybrid,5.0,Automatic,1823.0
Hyundai,2021,193501.0,Hybrid,5.0,Automatic,25854.0
Toyota,2008,65822.0,Hybrid,2.0,Manual,9664.0
Kia,2009,120869.0,Hybrid,5.0,Automatic,15282.0
Ford,2020,191021.0,Diesel,4.0,Automatic,17535.0
Mercedes,2009,21977.0,Electric,4.0,Manual,29101.0
Honda,2019,17216.0,Gasoline,1.0,Manual,25264.0
BMW,2001,127610.0,Gasoline,3.0,Automatic,1000.0
Nissan,2018,40644.0,Hybrid,2.0,Manual,23189.0
Ford,2007,91579.0,Diesel,5.0,Automatic,10221.0
Honda,2010,64023.0,Hybrid,2.0,Manual,12120.0
BMW,2024,33743.0,Gasoline,5.0,Automatic,48064.0
Audi,2021,198331.0,Gasoline,,Automatic,25723.0
BMW,2017,30575.0,Diesel,2.0,Manual,28896.0
Ford,2019,113367.0,Hybrid,3.0,Automatic,20168.0
Nissan,2001,70769.0,Diesel,3.0,Manual,1000.0
Honda,2009,116146.0,Diesel,1.0,Manual,6605.0
Ford,2001,124707.0,Diesel,1.0,Manual,1000.0
Honda,2018,112870.0,Electric,2.0,Manual,22417.0
Mercedes,2024,,Electric,1.0,Manual,42981.0
Mercedes,2021,146602.0,Gasoline,1.0,Automatic,21546.0
Nissan,2023,127424.0,Gasoline,3.0,Manual,21301.0
Chevrolet,2018,76538.0,Electric,4.0,Manual,26295.0
Kia,2021,135698.0,Diesel,5.0,Automatic,24417.0
Kia,2014,101648.0,Hybrid,2.0,Manual,11729.0
Audi,2008,128070.0,Gasoline,1.0,Automatic,1917.0
BMW,2018,115865.0,Gasoline,,Automatic,33007.0
Hyundai,2001,15617.0,Diesel,3.0,Manual,7762.0
Ford,2020,99646.0,Electric,2.0,Automatic,21749.0
Audi,2001,170287.0,Hybrid,2.0,Manual,1000.0
Ford,2017,155932.0,Electric,3.0,Manual,20961.0
Hyundai,2015,179446.0,Diesel,1.0,Manual,5706.0
Nissan,2001,125840.0,Gasoline,1.0,Manual,15195.5
Ford,2008,24747.0,Diesel,5.0,Manual,12851.0
Honda,2019,118337.0,Hybrid,5.0,Automatic,33397.0
Ford,2021,159021.0,Gasoline,1.0,Automatic,16536.0
Toyota,2014,150276.0,Hybrid,4.0,Automatic,15195.5
Toyota,2004,139632.0,Electric,2.0,Automatic,1000.0
Chevrolet,2002,134154.0,Diesel,3.0,Manual,1000.0
Chevrolet,2000,11770.0,Gasoline,3.0,Automatic,6542.0
Kia,2018,78192.0,Diesel,2.0,Automatic,16294.0
Audi,2012,33966.0,Hybrid,4.0,Manual,31683.0
Audi,2005,100337.0,Hybrid,1.0,Manual,3470.0
Hyundai,2011,143395.0,,5.0,Automatic,12241.0
Kia,2018,173399.0,Electric,5.0,Automatic,23542.0
Chevrolet,2001,35603.0,Gasoline,3.0,Automatic,2315.0
Hyundai,2002,62097.0,Gasoline,5.0,Manual,7462.0
Mercedes,2012,82623.0,Diesel,4.0,Manual,19887.0
Audi,2010,183099.0,Gasoline,3.0,Automatic,7903.0
Mercedes,2022,198781.0,Gasoline,5.0,Automatic,33604.0
Ford,2019,62528.0,Diesel,3.0,Automatic,18945.0
Hyundai,2022,131178.0,Hybrid,1.0,Manual,17634.0
BMW,2015,154358.0,Diesel,3.0,Automatic,17768.0
Toyota,2010,72037.0,Diesel,2.0,Manual,13745.0
Chevrolet,2017,92401.0,Diesel,3.0,Automatic,16413.0
Mercedes,2012,195827.0,Diesel,2.0,Automatic,10659.0
Hyundai,2000,182778.0,Gasoline,2.0,Automatic,1000.0
Chevrolet,2018,168784.0,Hybrid,2.0,Manual,11938.0
Ford,2020,115820.0,Electric,5.0,Manual,27844.0
Kia,2011,123672.0,Electric,5.0,Manual,18168.0
Toyota,2021,101700.0,Hybrid,3.0,Manual,27087.0
Hyundai,2014,181418.0,Gasoline,3.0,Automatic,12334.0
Nissan,2002,181598.0,Electric,2.0,Manual,1000.0
Honda,2014,46687.0,Gasoline,5.0,Automatic,23277.0
Honda,2006,68233.0,Gasoline,,Automatic,12603.0
Nissan,2010,127502.0,Electric,1.0,Manual,5273.0
Mercedes,2020,31723.0,Gasoline,2.0,Automatic,34378.0
Chevrolet,2004,185281.0,Gasoline,2.0,Manual,1000.0
Honda,2022,29232.0,Diesel,4.0,Manual,35421.0
Mercedes,2011,52343.0,Electric,5.0,Manual,33733.0
BMW,2008,75743.0,Hybrid,2.0,Manual,15021.0
Hyundai,2005,180865.0,Electric,1.0,Manual,1000.0
Ford,2012,191205.0,Electric,2.0,Manual,7930.0
Honda,2015,116126.0,Electric,3.0,Manual,20034.0
Hyundai,2004,54869.0,Hybrid,1.0,Automatic,1000.0
Toyota,2005,122818.0,Hybrid,1.0,Manual,1000.0
Mercedes,2021,23743.0,Electric,2.0,Automatic,42901.0
Hyundai,2018,146087.0,,2.0,Manual,13119.0
Nissan,2023,147034.0,Electric,2.0,Automatic,23687.0
Hyundai,2003,120476.0,Electric,4.0,Manual,4692.0
Honda,2000,12728.0,Electric,4.0,Manual,10856.0
Kia,2024,79229.0,Diesel,5.0,Manual,30502.0
Chevrolet,2006,185523.0,Hybrid,1.0,Manual,1000.0
Kia,2005,59667.0,Diesel,3.0,Automatic,4617.0
Mercedes,2023,188120.0,Gasoline,4.0,Automatic,31651.0
Kia,2014,16969.0,Diesel,5.0,Manual,15195.5
Mercedes,2003,174804.0,Diesel,1.0,Automatic,1000.0
Chevrolet,2004,195136.0,Hybrid,5.0,Automatic,1000.0
Audi,2004,58863.0,Electric,1.0,Automatic,2757.0
Kia,2015,23063.0,Gasoline,4.0,Automatic,22187.0
BMW,2021,138539.0,Diesel,1.0,Manual,25408.0
Mercedes,2007,124398.0,Hybrid,3.0,Manual,8496.0
Honda,2019,124828.0,Hybrid,2.0,Manual,22570.0
Mercedes,2001,55977.0,Diesel,5.0,Automatic,8054.0
Chevrolet,2001,96243.0,Gasoline,4.0,Manual,6000.0
Nissan,2004,54530.0,Electric,2.0,Manual,6248.0
Kia,2012,,Diesel,3.0,Automatic,16415.0
Kia,2012,77792.0,Hybrid,3.0,Automatic,17640.0
Hyundai,2010,169719.0,Electric,4.0,Automatic,8670.0
Honda,2000,195765.0,Electric,1.0,Manual,1000.0
Toyota,2016,60168.0,Electric,5.0,Automatic,36235.0
Nissan,2005,166133.0,Hybrid,4.0,Manual,7037.0
Chevrolet,2005,43825.0,Diesel,4.0,Manual,8948.0
Honda,2012,38989.0,Gasoline,3.0,Automatic,18347.0
Hyundai,2019,161187.0,Hybrid,4.0,Manual,22441.0
Kia,2011,63875.0,Gasoline,1.0,Manual,6228.0
Audi,2010,14914.0,Electric,2.0,Manual,24308.0
Hyundai,2021,122181.0,Electric,2.0,Manual,22489.0
Mercedes,2017,187237.0,Electric,4.0,Manual,27580.0
Toyota,2018,72576.0,Gasoline,1.0,Automatic,20558.0
BMW,2003,181135.0,Gasoline,1.0,Manual,1000.0
Hyundai,2024,47434.0,Gasoline,1.0,Automatic,24692.0
Mercedes,2020,46774.0,Electric,5.0,Automatic,52279.0
Toyota,2001,16208.0,Diesel,5.0,Manual,8876.0
Toyota,2002,180314.0,Hybrid,3.0,Automatic,1000.0
BMW,2004,43792.0,Gasoline,3.0,Automatic,12808.0
Honda,2006,94263.0,Diesel,1.0,Manual,1105.0
Audi,2010,98654.0,Hybrid,2.0,Manual,15158.0
Kia,2007,167503.0,Hybrid,5.0,Manual,5803.0
Honda,2017,148195.0,Hybrid,2.0,Manual,14378.0
BMW,2014,56504.0,Gasoline,2.0,Manual,23136.0
Honda,2024,61256.0,Diesel,3.0,Automatic,32734.0
Honda,2024,137748.0,Electric,5.0,Manual,43689.0
BMW,2010,96440.0,Electric,1.0,Manual,9703.0
Mercedes,2009,148127.0,Gasoline,4.0,Manual,14650.0
Ford,2005,189540.0,Hybrid,5.0,Manual,4977.0
Mercedes,2011,105936.0,Gasoline,5.0,Manual,20609.0
Toyota,2000,39305.0,Hybrid,1.0,Automatic,1000.0
Mercedes,2009,114837.0,Gasoline,2.0,Manual,8557.0
Ford,2010,165412.0,Hybrid,3.0,Manual,8805.0
Audi,2024,113879.0,Gasoline,1.0,Automatic,28521.0
Nissan,2011,187507.0,Diesel,3.0,Manual,8088.0
Chevrolet,2023,181464.0,Hybrid,4.0,Manual,22682.0
Honda,2013,192347.0,Diesel,3.0,Automatic,8747.0
Mercedes,2010,117117.0,Electric,4.0,Automatic,21034.0
Chevrolet,2019,159016.0,Electric,1.0,Manual,17185.0
Mercedes,2023,118577.0,Electric,1.0,Manual,33016.0
Chevrolet,2000,170989.0,Diesel,4.0,Manual,15195.5
Mercedes,2004,131671.0,Electric,3.0,Automatic,6529.0
Kia,2004,63907.0,Diesel,1.0,Automatic,15195.5
Ford,2014,30245.0,Gasoline,5.0,Automatic,20248.0
Nissan,2007,144960.0,Gasoline,4.0,Manual,4033.0
Honda,2000,154496.0,Hybrid,4.0,Automatic,1000.0
Nissan,2002,146704.0,Electric,1.0,Automatic,1000.0
Honda,2003,55226.0,Electric,1.0,Automatic,1000.0
Kia,2020,185131.0,Hybrid,1.0,Automatic,10578.0
BMW,2022,47023.0,Hybrid,2.0,Automatic,38413.0
Kia,2020,76210.0,Gasoline,2.0,Manual,19996.0
Toyota,2003,50404.0,Diesel,3.0,Manual,3816.0
Audi,2012,127822.0,Electric,5.0,Manual,15195.5
Chevrolet,2007,,Hybrid,3.0,Automatic,4763.0
BMW,2022,22693.0,Hybrid,2.0,Manual,41247.0
Kia,2006,41535.0,Electric,5.0,Manual,14337.0
Audi,2011,89836.0,,5.0,Manual,22403.0
Chevrolet,2022,116371.0,Gasoline,1.0,Automatic,15755.0
Ford,2017,11242.0,Gasoline,4.0,Manual,15195.5
Chevrolet,2006,42370.0,Hybrid,5.0,Manual,12942.0
Hyundai,2021,12416.0,Gasoline,2.0,Automatic,23907.0
BMW,2018,,Electric,2.0,Manual,34984.0
Kia,2010,86634.0,Gasoline,1.0,Automatic,5461.0
Toyota,2005,174749.0,Diesel,3.0,Automatic,3068.0
Audi,2007,195733.0,Gasoline,3.0,Manual,15195.5
Hyundai,2013,113300.0,,3.0,Automatic,12967.0
Nissan,2014,46944.0,Gasoline,4.0,Automatic,17635.0
Toyota,2011,42207.0,Diesel,,Manual,19981.0
Audi,2000,199759.0,Hybrid,2.0,Manual,1000.0
Toyota,2004,180739.0,Hybrid,4.0,Automatic,1000.0
Honda,2007,,Diesel,1.0,Manual,3200.0
Audi,2007,96312.0,Gasoline,1.0,Automatic,15195.5
Mercedes,2012,105614.0,Gasoline,5.0,Automatic,25150.0
Chevrolet,2005,167337.0,Hybrid,3.0,Automatic,1658.0
BMW,2001,59432.0,Diesel,5.0,Automatic,8122.0
Mercedes,2021,105930.0,Electric,4.0,Manual,43732.0
Toyota,2001,130843.0,Hybrid,3.0,Automatic,1000.0
BMW,2011,160099.0,Hybrid,1.0,Automatic,5308.0
Kia,2015,90667.0,Gasoline,4.0,Automatic,17427.0
Nissan,2022,141325.0,Gasoline,2.0,Manual,18947.0
Ford,2006,150688.0,Gasoline,4.0,Automatic,7120.0
Mercedes,2016,31720.0,Gasoline,2.0,Automatic,15195.5
Audi,2020,120505.0,Gasoline,1.0,Automatic,23742.0
BMW,2010,79641.0,Diesel,2.0,Automatic,15330.0
BMW,2011,162099.0,Electric,3.0,Automatic,14782.0
Honda,2023,122159.0,Diesel,4.0,Manual,31614.0
Honda,2012,79724.0,Gasoline,3.0,Automatic,14298.0
Ford,2016,47897.0,Diesel,1.0,Manual,17510.0
BMW,2012,38472.0,Gasoline,4.0,Automatic,23100.0
BMW,2021,141481.0,Gasoline,1.0,Automatic,21944.0
Ford,2012,129627.0,Hybrid,5.0,Manual,17500.0
Mercedes,2024,,Gasoline,1.0,Manual,33389.0
Nissan,2017,24884.0,Hybrid,3.0,Automatic,25451.0
Kia,2002,112125.0,Diesel,2.0,Automatic,2243.0
BMW,2023,109301.0,Diesel,1.0,Automatic,26297.0
Honda,2017,56594.0,Diesel,2.0,Manual,21456.0
Toyota,2013,107290.0,Diesel,2.0,Manual,12901.0
Chevrolet,2017,81620.0,Diesel,5.0,Manual,20587.0
Chevrolet,2015,189483.0,Gasoline,4.0,Manual,11406.0
Chevrolet,2015,171126.0,Electric,2.0,Automatic,10185.0
Mercedes,2013,112002.0,Hybrid,2.0,Manual,20546.0
Chevrolet,2022,81712.0,Diesel,2.0,Automatic,20765.0
Ford,2003,,Diesel,4.0,Manual,15195.5
Honda,2011,187046.0,Hybrid,5.0,Manual,16750.0
Nissan,2006,34882.0,Electric,4.0,Manual,15629.0
Audi,2000,47685.0,Gasoline,1.0,Manual,1000.0
Hyundai,2020,112668.0,Hybrid,2.0,Manual,18564.0
Hyundai,2010,170519.0,Electric,2.0,Automatic,5442.0
Mercedes,2002,81869.0,Diesel,1.0,Manual,1000.0
Mercedes,2002,47020.0,Diesel,4.0,Automatic,9605.0
Ford,2015,116043.0,Hybrid,,Manual,11813.0
Honda,2002,36448.0,Diesel,3.0,Manual,6025.0
Ford,2024,93462.0,Diesel,5.0,Automatic,15195.5
BMW,2013,82814.0,Hybrid,4.0,Automatic,30271.0
Nissan,2023,54773.0,Electric,3.0,Automatic,31283.0
Ford,2002,128924.0,,5.0,Automatic,4597.0
Nissan,2005,162305.0,Diesel,4.0,Automatic,6201.0
Honda,2001,66213.0,,1.0,Manual,1000.0
Mercedes,2006,183746.0,Diesel,4.0,Manual,5530.0
Nissan,2014,11040.0,Diesel,3.0,Automatic,16018.0
Audi,2020,97939.0,Gasoline,4.0,Automatic,32793.0
BMW,2001,93970.0,Electric,1.0,Automatic,1000.0
Ford,2011,36403.0,Electric,4.0,Manual,22930.0
Nissan,2024,166813.0,Diesel,2.0,Manual,16752.0
Honda,2007,140904.0,Electric,5.0,Manual,14376.0
Chevrolet,2012,178568.0,Gasoline,5.0,Automatic,12133.0
Honda,2010,70493.0,Gasoline,4.0,Automatic,17465.0
Toyota,2020,79130.0,Diesel,5.0,Automatic,29016.0
Hyundai,2020,111579.0,Gasoline,1.0,Manual,15634.0
Hyundai,2017,10872.0,Hybrid,5.0,Automatic,29283.0
Hyundai,2004,58942.0,Gasoline,2.0,Automatic,6998.0
Honda,2023,,Gasoline,4.0,Automatic,26186.0
Audi,2012,125164.0,Gasoline,2.0,Automatic,13333.0
BMW,2020,82536.0,Electric,2.0,Automatic,34885.0
Hyundai,2013,130249.0,Electric,1.0,Automatic,8058.0
Mercedes,2015,63612.0,Gasoline,3.0,Automatic,26675.0
Audi,2012,67813.0,Gasoline,4.0,Automatic,25606.0
BMW,2007,191683.0,Diesel,1.0,Manual,1000.0
Toyota,2001,36412.0,Diesel,5.0,Automatic,10038.0
Kia,2000,106934.0,Diesel,4.0,Manual,1000.0
Ford,2007,110795.0,Gasoline,4.0,Automatic,15195.5
Ford,2002,87016.0,Diesel,2.0,Automatic,3468.0
Chevrolet,2007,141639.0,Diesel,4.0,Automatic,4671.0
Toyota,2023,68698.0,Hybrid,4.0,Manual,38933.0
Toyota,2014,178974.0,Gasoline,2.0,Automatic,9784.0
Hyundai,2016,76492.0,Gasoline,2.0,Automatic,16850.0
Nissan,2021,124349.0,Diesel,5.0,Manual,21302.0
Toyota,2011,,Electric,4.0,Manual,10752.0
Nissan,2020,126717.0,Gasoline,2.0,Manual,18017.0
Toyota,2006,122985.0,Electric,4.0,Automatic,13076.0
Audi,2010,129754.0,Diesel,5.0,Manual,19820.0
BMW,2022,135248.0,Gasoline,4.0,Manual,34778.0
Mercedes,2021,109563.0,Hybrid,1.0,Manual,25670.0
Nissan,2007,176011.0,Diesel,5.0,Manual,7954.0
Ford,2019,102422.0,Hybrid,2.0,Manual,20794.0
Audi,2019,135113.0,Gasoline,5.0,Manual,33300.0
Nissan,2018,152605.0,Diesel,2.0,Manual,13881.0
Hyundai,2009,159974.0,Diesel,3.0,Manual,6921.0
Kia,2014,133728.0,Gasoline,4.0,Automatic,15006.0
BMW,2023,,Gasoline,4.0,Manual,30477.0
Ford,2017,126801.0,,2.0,Automatic,13790.0
BMW,2009,104245.0,Hybrid,3.0,Manual,16810.0
Chevrolet,2020,188076.0,Gasoline,1.0,Automatic,10194.0
Audi,2017,112925.0,Hybrid,5.0,Manual,32621.0
Ford,2001,43420.0,Diesel,4.0,Automatic,6268.0
Ford,2011,65495.0,Electric,2.0,Automatic,12000.0
Nissan,2018,78411.0,Electric,5.0,Manual,27536.0
BMW,2011,178708.0,Hybrid,3.0,Automatic,11461.0
Audi,2020,109740.0,Hybrid,3.0,Automatic,32047.0
Nissan,2001,154677.0,Electric,2.0,Manual,1000.0
Nissan,2021,41662.0,Gasoline,3.0,Manual,24544.0
Hyundai,2014,171046.0,Gasoline,1.0,Manual,4721.0
Toyota,2004,70110.0,Diesel,2.0,Manual,3320.0
Kia,2020,80592.0,Gasoline,3.0,Automatic,22081.0
Honda,2014,89816.0,Gasoline,3.0,Automatic,15604.0
Toyota,2020,123582.0,Gasoline,2.0,Automatic,18083.0
Toyota,2022,56735.0,Electric,4.0,Automatic,38177.0
Toyota,2023,130307.0,Hybrid,5.0,Automatic,34944.0
BMW,2024,169543.0,Hybrid,4.0,Manual,37779.0
Hyundai,2015,157273.0,Electric,5.0,Automatic,22935.0
Hyundai,2004,65556.0,Diesel,2.0,Manual,4899.0
Chevrolet,2011,152619.0,Hybrid,2.0,Manual,9518.0
Ford,2020,44541.0,Diesel,4.0,Automatic,24177.0
Mercedes,2024,56152.0,Diesel,1.0,Manual,32814.0
Mercedes,2003,146254.0,Gasoline,4.0,Automatic,5232.0
Honda,2004,112740.0,Diesel,2.0,Automatic,4304.0
Mercedes,2008,117687.0,Diesel,4.0,Automatic,15875.0
Nissan,2013,15907.0,Hybrid,5.0,Automatic,22762.0
Honda,2016,45174.0,Electric,3.0,Manual,31372.0
Toyota,2009,140570.0,Diesel,1.0,Manual,1960.0
Toyota,2010,64009.0,,1.0,Automatic,9873.0
BMW,2021,132240.0,Gasoline,5.0,Automatic,36453.0
Nissan,2007,56479.0,Hybrid,2.0,Manual,10595.0
Kia,2008,153447.0,Diesel,3.0,Manual,3763.0
Chevrolet,2011,92299.0,Hybrid,5.0,Automatic,17611.0
Chevrolet,2004,191938.0,Hybrid,1.0,Manual,1000.0
Hyundai,2015,29407.0,Electric,2.0,Automatic,18693.0
Honda,2018,55392.0,Electric,1.0,Automatic,24122.0
BMW,2018,154741.0,Gasoline,2.0,Manual,17517.0
Honda,2009,155671.0,Gasoline,5.0,Manual,11164.0
Kia,2005,181427.0,Diesel,1.0,Manual,1000.0
Mercedes,2023,169886.0,Hybrid,1.0,Automatic,26816.0
Kia,2016,27757.0,Hybrid,1.0,Manual,20768.0
Hyundai,2019,152802.0,Gasoline,1.0,Automatic,15195.5
Nissan,2004,184572.0,Hybrid,1.0,Manual,1000.0
Nissan,2002,162768.0,,2.0,Manual,1000.0
Chevrolet,2013,199732.0,Hybrid,4.0,Automatic,10605.0
Nissan,2006,128246.0,Gasoline,1.0,Automatic,1000.0
Ford,2002,192568.0,Gasoline,3.0,Automatic,1000.0
Ford,2019,49657.0,Diesel,3.0,Manual,15195.5
Nissan,2013,177968.0,Diesel,5.0,Manual,14764.0
Nissan,2022,92521.0,Electric,1.0,Manual,21856.0
Chevrolet,2009,52475.0,Gasoline,5.0,Manual,13096.0
Honda,2023,88650.0,Diesel,3.0,Automatic,29533.0
Honda,2019,43592.0,Hybrid,2.0,Automatic,26853.0
Kia,2014,24197.0,Gasoline,5.0,Manual,21681.0
Toyota,2018,30488.0,Electric,3.0,Manual,36148.0
Honda,2009,196380.0,Gasoline,5.0,Manual,12087.0
Hyundai,2021,44895.0,Hybrid,2.0,Automatic,24474.0
BMW,2017,174273.0,Diesel,4.0,Automatic,25569.0
Honda,2020,173649.0,Gasoline,4.0,Automatic,24556.0
BMW,2014,199597.0,Electric,2.0,Automatic,16155.0
Ford,2024,75754.0,Hybrid,2.0,Manual,28032.0
Hyundai,2020,187197.0,Electric,2.0,Manual,19752.0
Hyundai,2014,59243.0,Hybrid,2.0,Manual,15210.0
Kia,2000,40131.0,Hybrid,4.0,Automatic,4943.0
Nissan,2010,144762.0,Diesel,2.0,Automatic,3769.0
Ford,2016,178122.0,Electric,1.0,Manual,7622.0
Honda,2007,62115.0,Hybrid,2.0,Manual,8846.0
Hyundai,2008,99438.0,Hybrid,5.0,Manual,15366.0
BMW,2021,85743.0,Gasoline,,Automatic,29864.0
BMW,2021,114166.0,Hybrid,3.0,Manual,32284.0
Kia,2005,159499.0,Diesel,3.0,Manual,1000.0
Kia,2021,133172.0,Gasoline,2.0,Manual,19968.0
Audi,2010,130167.0,Electric,1.0,Manual,9292.0
Honda,2021,176984.0,Electric,3.0,Manual,28874.0
Nissan,2023,165960.0,Diesel,3.0,Automatic,21464.0
Hyundai,2022,49769.0,Hybrid,5.0,Manual,34158.0
BMW,2004,149891.0,Gasoline,5.0,Manual,8219.0
Hyundai,2020,115512.0,Electric,5.0,Automatic,31468.0
Nissan,2014,28529.0,Hybrid,1.0,Automatic,13076.0
Audi,2019,113644.0,Electric,5.0,Automatic,45280.0
Nissan,2019,149671.0,Diesel,1.0,Manual,12192.0
Nissan,2019,145880.0,Electric,2.0,Automatic,18838.0
Kia,2009,68053.0,Gasoline,3.0,Automatic,10669.0
Audi,2009,145220.0,Diesel,3.0,Manual,11647.0
Toyota,2007,51401.0,Hybrid,2.0,Automatic,11265.0
BMW,2007,160972.0,Gasoline,5.0,Manual,10113.0
Hyundai,2015,24169.0,Hybrid,,Manual,21503.0
Nissan,2006,86147.0,Electric,1.0,Manual,3619.0
Nissan,2016,16435.0,Gasoline,3.0,Manual,19997.0
BMW,2016,123640.0,Electric,5.0,Automatic,36677.0
Audi,2001,194540.0,Gasoline,1.0,Automatic,1000.0
Honda,2013,130216.0,Diesel,3.0,Manual,14306.0
Hyundai,2013,143139.0,Hybrid,2.0,Manual,7240.0
BMW,2006,96023.0,Gasoline,1.0,Automatic,2573.0
Nissan,2001,89950.0,Gasoline,4.0,Manual,2519.0
Honda,2009,61011.0,Hybrid,3.0,Automatic,15968.0
Chevrolet,2000,197103.0,Hybrid,5.0,Manual,1000.0
Chevrolet,2022,29537.0,Gasoline,3.0,Automatic,15195.5
Nissan,2013,16694.0,Diesel,3.0,Manual,19622.0
Mercedes,2017,131300.0,Gasoline,5.0,Manual,28278.0
Hyundai,2000,115103.0,Diesel,2.0,Manual,1000.0
Ford,2009,98140.0,Electric,1.0,Automatic,3883.0
Hyundai,2021,189022.0,Diesel,1.0,Manual,14721.0
Nissan,2014,159446.0,Diesel,2.0,Manual,15195.5
Kia,2009,189576.0,Diesel,5.0,Manual,11097.0
BMW,2013,112961.0,Gasoline,1.0,Manual,10325.0
Nissan,2017,44276.0,Diesel,3.0,Automatic,18714.0
Audi,2014,133548.0,Gasoline,2.0,Manual,15118.0
Toyota,2011,184659.0,Hybrid,2.0,Manual,7208.0
Chevrolet,2018,66792.0,Electric,3.0,Automatic,25976.0
Hyundai,2022,74851.0,Electric,2.0,Automatic,27434.0
Mercedes,2017,184382.0,Diesel,2.0,Automatic,16033.0
Mercedes,2016,28545.0,Electric,2.0,Manual,31637.0
BMW,2011,34095.0,Hybrid,4.0,Manual,27444.0
Ford,2007,139941.0,Diesel,5.0,Manual,9598.0
Chevrolet,2024,141255.0,Hybrid,4.0,Manual,29262.0
Mercedes,2019,182790.0,Hybrid,1.0,Manual,20755.0
Nissan,2001,144153.0,Electric,1.0,Automatic,15195.5
Honda,2018,92300.0,Electric,4.0,Automatic,32620.0
Kia,2002,20958.0,Gasoline,5.0,Automatic,7646.0
Mercedes,2000,48630.0,Hybrid,2.0,Manual,1780.0
Toyota,2015,69869.0,Gasoline,1.0,Automatic,14056.0
Honda,2017,48316.0,Electric,1.0,Automatic,26700.0
Audi,2024,166177.0,Hybrid,5.0,Manual,15195.5
Audi,2020,,Hybrid,5.0,Automatic,44257.0
Audi,2020,11252.0,Electric,4.0,Automatic,51119.0
Audi,2018,38617.0,Hybrid,3.0,Manual,35940.0
Nissan,2020,23973.0,Hybrid,1.0,Manual,23115.0
Audi,2021,199157.0,Electric,2.0,Manual,24383.0
Ford,2024,193603.0,Gasoline,5.0,Manual,26018.0
Hyundai,2017,132039.0,Hybrid,2.0,Automatic,13792.0
Hyundai,2002,19923.0,Diesel,3.0,Manual,8546.0
Mercedes,2000,99277.0,Diesel,1.0,Manual,1000.0
Kia,2009,40802.0,Hybrid,3.0,Manual,15648.0
Kia,2012,31973.0,Electric,,Automatic,17481.0
Ford,2024,93501.0,Hybrid,5.0,Manual,33356.0
Toyota,2005,88448.0,Diesel,4.0,Manual,11537.0
Hyundai,2023,113537.0,Hybrid,3.0,Automatic,26798.0
Mercedes,2008,159716.0,Hybrid,5.0,Manual,18521.0
Honda,2005,48747.0,Gasoline,3.0,Automatic,10657.0
Hyundai,2007,63859.0,Hybrid,3.0,Manual,9960.0
Hyundai,2006,50714.0,Hybrid,5.0,Manual,12157.0
Toyota,2019,62435.0,Gasoline,5.0,Automatic,30566.0
Kia,2002,138645.0,Gasoline,5.0,Automatic,3425.0
Audi,2000,119986.0,Gasoline,4.0,Automatic,1940.0
Honda,2024,28040.0,Electric,5.0,Manual,48875.0
Toyota,2011,129858.0,Diesel,,Manual,16116.0
Chevrolet,2017,190652.0,Gasoline,3.0,Automatic,12952.0
Chevrolet,2009,117163.0,Electric,2.0,Automatic,10403.0
Ford,2020,82142.0,Electric,1.0,Automatic,22185.0
Audi,2020,33463.0,Electric,3.0,Manual,48050.0
Toyota,2013,72976.0,Electric,5.0,Automatic,28316.0
Audi,2013,192326.0,Electric,1.0,Automatic,10554.0
Mercedes,2024,71677.0,Hybrid,1.0,Automatic,37681.0
Honda,2004,22443.0,Electric,1.0,Manual,4644.0
Honda,2010,159202.0,Diesel,3.0,Automatic,10555.0
Ford,2006,183316.0,Diesel,5.0,Automatic,7727.0
Audi,2005,125532.0,Diesel,2.0,Manual,2707.0
Toyota,2004,172524.0,Hybrid,4.0,Automatic,6118.0
Toyota,2003,60688.0,Electric,1.0,Automatic,1000.0
Kia,2013,36073.0,Hybrid,4.0,Manual,19910.0
Ford,2016,64114.0,Gasoline,,Manual,16239.0
Chevrolet,2000,117148.0,Diesel,3.0,Manual,1593.0
Toyota,2014,197693.0,,2.0,Automatic,8579.0
Ford,2007,92309.0,Diesel,2.0,Manual,4935.0
Toyota,2014,136992.0,Electric,,Manual,26243.0
BMW,2013,197919.0,Hybrid,4.0,Automatic,19727.0
Kia,2020,65664.0,Electric,2.0,Manual,24292.0
Nissan,2024,16248.0,Gasoline,5.0,Automatic,31553.0
Nissan,2009,48600.0,Gasoline,4.0,Automatic,13069.0
Mercedes,2020,125730.0,Gasoline,4.0,Manual,15195.5
BMW,2023,63686.0,Gasoline,2.0,Automatic,33986.0
Mercedes,2022,187391.0,Hybrid,2.0,Automatic,25539.0
Nissan,2000,189293.0,Hybrid,4.0,Manual,1000.0
Hyundai,2016,161996.0,Electric,3.0,Automatic,16381.0
Mercedes,2012,29506.0,Electric,1.0,Automatic,15195.5
Mercedes,2018,50647.0,Hybrid,4.0,Automatic,41427.0
Audi,2021,108247.0,Electric,1.0,Manual,31914.0
Mercedes,2010,183753.0,Hybrid,2.0,Manual,7066.0
Honda,2010,41466.0,Diesel,5.0,Automatic,20957.0
Mercedes,2015,76311.0,Gasoline,4.0,Automatic,24522.0
BMW,2017,35100.0,Diesel,3.0,Automatic,28241.0
Nissan,2005,25750.0,Hybrid,3.0,Automatic,10644.0
Hyundai,2012,102299.0,Diesel,4.0,Automatic,12252.0
Nissan,2008,160036.0,Diesel,5.0,Automatic,10271.0
Mercedes,2011,48135.0,Hybrid,3.0,Manual,21141.0
Mercedes,2011,96312.0,Gasoline,1.0,Manual,15195.5
Hyundai,2003,174493.0,Electric,3.0,Automatic,1000.0
Ford,2017,31214.0,Electric,,Manual,19253.0
Toyota,2013,40105.0,Diesel,5.0,Automatic,21667.0
Hyundai,2008,88942.0,Electric,4.0,Automatic,15493.0
Audi,2006,58781.0,Diesel,,Automatic,15717.0
Chevrolet,2006,55269.0,Gasoline,1.0,Automatic,1418.0
Hyundai,2007,37984.0,Diesel,3.0,Automatic,9014.0
Chevrolet,2018,113036.0,Gasoline,5.0,Automatic,23449.0
Honda,2020,68313.0,Diesel,1.0,Manual,18939.0
Nissan,2010,89656.0,Hybrid,5.0,Manual,19626.0
Mercedes,2019,55161.0,Hybrid,4.0,Manual,40773.0
BMW,2004,90764.0,Hybrid,2.0,Automatic,4322.0
Audi,2024,109589.0,Electric,3.0,Manual,46831.0
Audi,2024,125129.0,Diesel,2.0,Automatic,34005.0
Toyota,2009,59052.0,Electric,2.0,Manual,17013.0
Chevrolet,2020,190669.0,Gasoline,4.0,Automatic,19869.0
Hyundai,2007,38809.0,Electric,4.0,Automatic,17108.0
Nissan,2021,121197.0,Gasoline,4.0,Manual,22628.0
Chevrolet,2006,141934.0,Electric,1.0,Automatic,1179.0
Chevrolet,2000,180115.0,Diesel,5.0,Manual,1000.0
BMW,2022,60803.0,Diesel,3.0,Manual,33782.0
Ford,2006,77860.0,Electric,1.0,Automatic,6123.0
Chevrolet,2013,,Gasoline,4.0,Automatic,10251.0
Ford,2022,120597.0,Gasoline,4.0,Manual,15195.5
Hyundai,2010,146293.0,Gasoline,2.0,Manual,6227.0
Kia,2009,193691.0,Hybrid,2.0,Automatic,1752.0
Hyundai,2009,174045.0,Electric,1.0,Manual,3673.0
BMW,2003,67199.0,Gasoline,1.0,Manual,1000.0
Kia,2004,47138.0,Gasoline,2.0,Automatic,4295.0
Toyota,2010,151685.0,Hybrid,2.0,Automatic,7299.0
Ford,2013,78826.0,Electric,3.0,Automatic,18568.0
Kia,2001,191767.0,Electric,1.0,Automatic,1000.0
Hyundai,2013,57951.0,Electric,4.0,Manual,22632.0
Chevrolet,2020,145978.0,Diesel,4.0,Automatic,22310.0
Mercedes,2010,144551.0,Diesel,5.0,Manual,17956.0
Nissan,2007,47316.0,Hybrid,,Automatic,10680.0
BMW,2004,177077.0,Electric,4.0,Manual,6319.0
Toyota,2020,68978.0,Gasoline,2.0,Automatic,20876.0
Kia,2001,191653.0,Gasoline,3.0,Automatic,1000.0
Mercedes,2024,63024.0,Gasoline,3.0,Manual,36796.0
Honda,2024,170369.0,Hybrid,5.0,Automatic,36738.0
Hyundai,2018,107839.0,,1.0,Manual,14063.0
Chevrolet,2005,121113.0,Gasoline,3.0,Automatic,3079.0
Hyundai,2018,75179.0,Electric,3.0,Automatic,26710.0
Ford,2006,70833.0,Electric,4.0,Automatic,15195.5
Hyundai,2007,73372.0,Gasoline,2.0,Automatic,8382.0
Chevrolet,2016,44593.0,Gasoline,1.0,Automatic,15204.0
Chevrolet,2023,140514.0,Diesel,1.0,Automatic,17781.0
Chevrolet,2000,34247.0,Gasoline,3.0,Automatic,3763.0
Hyundai,2005,25493.0,Diesel,5.0,Automatic,15713.0
Ford,2007,159679.0,Diesel,4.0,Automatic,5593.0
Kia,2012,38260.0,Gasoline,5.0,Automatic,16327.0
Toyota,2002,28852.0,,4.0,Automatic,7205.0
BMW,2020,95690.0,Gasoline,3.0,Automatic,32649.0
Chevrolet,2012,22215.0,Gasoline,3.0,Automatic,17123.0
Chevrolet,2024,,Electric,2.0,Automatic,20719.0
Nissan,2010,25525.0,Hybrid,5.0,Manual,17944.0
Chevrolet,2003,30630.0,Electric,,Manual,4349.0
Hyundai,2015,163346.0,Electric,3.0,Automatic,13668.0
Honda,2000,182305.0,Gasoline,2.0,Manual,15195.5
Mercedes,2023,83835.0,Electric,2.0,Automatic,42937.0
Honda,2019,19810.0,Electric,1.0,Automatic,29390.0
Nissan,2019,105737.0,Gasoline,2.0,Automatic,19320.0
Nissan,2022,98737.0,Diesel,4.0,Manual,24329.0
Nissan,2023,92832.0,Hybrid,3.0,Manual,29690.0
Mercedes,2015,74895.0,Diesel,4.0,Automatic,26300.0
Toyota,2021,153027.0,Diesel,2.0,Manual,22317.0
Mercedes,2012,163238.0,Electric,3.0,Automatic,16333.0
Mercedes,2007,74439.0,Electric,1.0,Manual,10482.0
Hyundai,2004,123113.0,Diesel,4.0,Automatic,3006.0
Toyota,2016,116250.0,Gasoline,4.0,Manual,18785.0
Toyota,2016,83190.0,Gasoline,2.0,Automatic,15932.0
Nissan,2018,152986.0,Gasoline,4.0,Manual,19278.0
BMW,2014,193398.0,Gasoline,4.0,Manual,18957.0
Toyota,2017,49682.0,Diesel,5.0,Automatic,30007.0
Audi,2013,162188.0,Diesel,2.0,Manual,13731.0
BMW,2021,25289.0,Hybrid,5.0,Manual,47882.0
Audi,2008,192921.0,Hybrid,4.0,Manual,8109.0
Ford,2004,66951.0,Diesel,1.0,Automatic,3552.0
Honda,2005,192850.0,Electric,1.0,Automatic,1000.0
Kia,2017,106958.0,Hybrid,5.0,Automatic,23475.0
Mercedes,2011,123660.0,Electric,1.0,Manual,12965.0
Ford,2013,128970.0,Electric,2.0,Manual,12140.0
Toyota,2014,40817.0,Diesel,,Automatic,23467.0
BMW,2013,22504.0,Electric,2.0,Automatic,31554.0
BMW,2014,83777.0,Electric,3.0,Manual,25969.0
Honda,2009,191475.0,Diesel,5.0,Automatic,10514.0
BMW,2006,,Electric,2.0,Manual,1838.0
Kia,2015,108477.0,Gasoline,1.0,Automatic,12164.0
Kia,2018,148777.0,Diesel,,Manual,10836.0
Ford,2010,167817.0,Hybrid,4.0,Automatic,11055.0
Honda,2015,37806.0,Gasoline,5.0,Automatic,23828.0
Audi,2004,20323.0,Hybrid,3.0,Automatic,16198.0
Toyota,2023,16516.0,Hybrid,4.0,Automatic,41415.0
Mercedes,2009,104982.0,Diesel,2.0,Automatic,12162.0
Mercedes,2007,158474.0,Hybrid,2.0,Manual,4651.0
Ford,2001,171450.0,Hybrid,5.0,Manual,2948.0
Nissan,2001,167072.0,Electric,5.0,Automatic,3900.0
Kia,2010,77980.0,Hybrid,1.0,Manual,8844.0
BMW,2022,170080.0,Gasoline,1.0,Automatic,22547.0
Mercedes,2009,135005.0,Diesel,2.0,Manual,5634.0
Honda,2006,184578.0,Hybrid,3.0,Manual,2161.0
Nissan,2003,176631.0,Gasoline,4.0,Manual,2130.0
Kia,2017,119000.0,Diesel,5.0,Manual,22285.0
Mercedes,2021,16846.0,Hybrid,4.0,Automatic,44178.0
BMW,2015,48691.0,Diesel,5.0,Automatic,30540.0
Hyundai,2006,15844.0,Gasoline,3.0,Manual,8862.0
Audi,2014,95794.0,Electric,2.0,Manual,21875.0
Mercedes,2006,181969.0,Hybrid,5.0,Manual,9589.0
Ford,2015,70475.0,Hybrid,5.0,Automatic,23051.0
Audi,2011,14356.0,Diesel,3.0,Manual,23174.0
Ford,2015,114836.0,Hybrid,4.0,Manual,18685.0
Audi,2017,172071.0,Hybrid,1.0,Automatic,16659.0
BMW,2022,79962.0,Gasoline,2.0,Manual,33152.0
BMW,2012,76830.0,Diesel,1.0,Automatic,11667.0
Audi,2007,56883.0,Hybrid,5.0,Manual,25001.0
Ford,2007,104985.0,Gasoline,2.0,Automatic,4388.0
Ford,2020,194335.0,Gasoline,1.0,Automatic,9288.0
Hyundai,2006,56731.0,Diesel,2.0,Automatic,3935.0
BMW,2012,88752.0,Gasoline,5.0,Manual,27663.0
Chevrolet,2000,164452.0,Gasoline,4.0,Manual,1000.0
Audi,2011,147967.0,Gasoline,1.0,Automatic,7327.0
Nissan,2010,15788.0,Gasoline,5.0,Manual,16618.0
Audi,2013,143251.0,,3.0,Automatic,17742.0
Kia,2007,197450.0,Gasoline,3.0,Automatic,1000.0
Ford,2006,116802.0,Hybrid,5.0,Automatic,15195.5
Audi,2003,132473.0,,3.0,Manual,4260.0
Mercedes,2023,35245.0,Gasoline,1.0,Automatic,36247.0
BMW,2013,100102.0,Electric,2.0,Manual,24329.0
Chevrolet,2015,146226.0,Hybrid,4.0,Manual,19447.0
Mercedes,2020,,Diesel,2.0,Manual,33810.0
Nissan,2014,,Hybrid,3.0,Manual,9761.0
Ford,2008,104924.0,Diesel,3.0,Manual,8872.0
Hyundai,2000,15372.0,Gasoline,4.0,Manual,3981.0
Ford,2009,130230.0,Gasoline,4.0,Manual,7203.0
Hyundai,2006,91462.0,Hybrid,5.0,Automatic,10564.0
Kia,2002,88387.0,Gasoline,3.0,Manual,3893.0
Ford,2014,172503.0,Gasoline,5.0,Manual,12923.0
Nissan,2022,92579.0,Hybrid,4.0,Automatic,26234.0
BMW,2001,193240.0,Electric,4.0,Manual,1000.0
Mercedes,2020,191446.0,Electric,1.0,Manual,24735.0
Chevrolet,2000,21984.0,Electric,3.0,Manual,3988.0
Audi,2024,31294.0,Hybrid,3.0,Automatic,44723.0
Toyota,2003,160722.0,Hybrid,1.0,Automatic,1000.0
Hyundai,2018,36746.0,,3.0,Manual,20931.0
BMW,2011,63397.0,Electric,3.0,Automatic,22846.0
Nissan,2012,196329.0,Gasoline,,Automatic,8732.0
Hyundai,2015,190590.0,Diesel,4.0,Automatic,12973.0
Nissan,2022,160255.0,Gasoline,5.0,Manual,22237.0
Honda,2009,124877.0,Hybrid,2.0,Manual,6458.0
Honda,2001,192338.0,Diesel,5.0,Manual,3151.0
Nissan,2007,195132.0,Gasoline,3.0,Automatic,1000.0
Honda,2006,81020.0,Hybrid,2.0,Manual,8320.0
Honda,2022,124477.0,,2.0,Manual,22026.0
Honda,2016,123864.0,Diesel,4.0,Automatic,19470.0
Hyundai,2021,78865.0,Hybrid,3.0,Automatic,28040.0
Mercedes,2005,55330.0,Electric,1.0,Manual,4562.0
Hyundai,2000,79380.0,Electric,3.0,Automatic,1000.0
Ford,2006,71797.0,Electric,3.0,Automatic,9880.0
Audi,2006,22925.0,Hybrid,3.0,Automatic,19412.0
Hyundai,2019,64927.0,Hybrid,2.0,Manual,20202.0
Kia,2005,108513.0,Hybrid,4.0,Manual,15195.5
Nissan,2020,149860.0,Gasoline,3.0,Manual,19388.0
Chevrolet,2024,62735.0,Hybrid,4.0,Manual,31338.0
Ford,2000,198206.0,Gasoline,4.0,Manual,1000.0
Nissan,2012,13948.0,,5.0,Manual,26209.0
Ford,2017,130024.0,Diesel,1.0,Manual,12926.0
BMW,2002,180654.0,Gasoline,1.0,Manual,1000.0
Hyundai,2019,20994.0,Gasoline,1.0,Automatic,19463.0
Toyota,2023,60235.0,Hybrid,,Manual,36287.0
Chevrolet,2002,100369.0,Gasoline,4.0,Automatic,5864.0
Ford,2017,26241.0,Diesel,2.0,Manual,15195.5
Nissan,2006,187348.0,Gasoline,2.0,Manual,1000.0
Audi,2007,81330.0,Gasoline,2.0,Automatic,7184.0
Chevrolet,2021,62323.0,Hybrid,1.0,Automatic,23778.0
Hyundai,2007,117307.0,Hybrid,4.0,Automatic,7135.0
Kia,2015,102693.0,Diesel,3.0,Automatic,16303.0
Nissan,2022,62566.0,Hybrid,4.0,Automatic,31767.0
Chevrolet,2000,23785.0,Hybrid,3.0,Manual,2054.0
Chevrolet,2013,90848.0,Diesel,3.0,Manual,13193.0
Chevrolet,2002,122003.0,Gasoline,1.0,Manual,1000.0
Hyundai,2003,43330.0,Gasoline,5.0,Manual,10155.0
Mercedes,2015,159197.0,Diesel,4.0,Automatic,18885.0
Nissan,2019,14552.0,Gasoline,3.0,Manual,21669.0
BMW,2017,36831.0,Electric,5.0,Automatic,49538.0
Nissan,2016,50902.0,,1.0,Automatic,15167.0
Toyota,2021,89506.0,Electric,3.0,Manual,32458.0
Audi,2006,133324.0,,5.0,Manual,10004.0
Hyundai,2003,156684.0,Diesel,2.0,Automatic,1000.0
Audi,2019,44984.0,Diesel,4.0,Manual,37723.0
Ford,2008,95077.0,Gasoline,3.0,Automatic,10723.0
Toyota,2006,53171.0,Electric,3.0,Automatic,13199.0
Mercedes,2018,109308.0,Electric,,Manual,35277.0
Honda,2002,140718.0,Hybrid,2.0,Automatic,1000.0
Hyundai,2017,74525.0,Electric,,Automatic,26644.0
Toyota,2022,134312.0,Diesel,5.0,Manual,31644.0
Chevrolet,2024,179911.0,Diesel,5.0,Manual,23169.0
BMW,2011,186143.0,Electric,3.0,Manual,14069.0
Nissan,2017,56763.0,Hybrid,1.0,Manual,19453.0
Nissan,2004,59360.0,Electric,1.0,Manual,1000.0
Mercedes,2010,138305.0,Diesel,2.0,Manual,7717.0
BMW,2022,28085.0,Diesel,2.0,Automatic,15195.5
Mercedes,2005,24643.0,Hybrid,5.0,Manual,19859.0
BMW,2001,163905.0,Hybrid,3.0,Manual,1000.0
Honda,2009,65601.0,Diesel,,Manual,10466.0
Honda,2024,81832.0,Hybrid,5.0,Automatic,39618.0
BMW,2019,68221.0,Electric,1.0,Automatic,32178.0
Mercedes,2009,70882.0,Hybrid,1.0,Manual,11170.0
BMW,2015,73240.0,Hybrid,4.0,Automatic,33948.0
Kia,2017,132165.0,Gasoline,2.0,Automatic,13543.0
Toyota,2010,99444.0,Electric,1.0,Automatic,8803.0
Hyundai,2012,61290.0,Hybrid,5.0,Manual,20290.0
Audi,2000,133853.0,Diesel,,Manual,1746.0
Chevrolet,2011,97415.0,Diesel,2.0,Automatic,9159.0
Hyundai,2004,87260.0,Electric,5.0,Manual,13715.0
Chevrolet,2014,139907.0,Gasoline,5.0,Automatic,18244.0
Audi,2022,53325.0,Gasoline,5.0,Manual,42047.0
Hyundai,2024,25743.0,Electric,4.0,Automatic,41177.0
Hyundai,2001,122208.0,Diesel,1.0,Manual,1000.0
Nissan,2014,110098.0,Hybrid,4.0,Manual,20635.0
Honda,2019,199978.0,Electric,2.0,Automatic,21693.0
Honda,2003,61160.0,Diesel,5.0,Manual,9709.0
Audi,2015,,Diesel,1.0,Manual,22226.0
Toyota,2019,140255.0,Electric,2.0,Automatic,23963.0
BMW,2003,15312.0,Hybrid,5.0,Manual,17382.0
Mercedes,2013,174556.0,Diesel,1.0,Automatic,5898.0
Kia,2017,55380.0,Diesel,1.0,Automatic,14019.0
Honda,2004,66623.0,Diesel,,Manual,11033.0
Mercedes,2013,106481.0,Hybrid,5.0,Automatic,27523.0
Honda,2011,156487.0,Diesel,3.0,Automatic,10689.0
Kia,2010,14165.0,Electric,5.0,Automatic,25581.0
BMW,2011,86961.0,Electric,,Automatic,23401.0
Chevrolet,2021,41529.0,Gasoline,4.0,Manual,25585.0
Honda,2021,56667.0,Electric,5.0,Manual,43720.0
Audi,2003,32541.0,Gasoline,2.0,Automatic,6382.0
Kia,2013,111076.0,,1.0,Automatic,6997.0
Ford,2022,67062.0,Electric,2.0,Automatic,30114.0
Kia,2005,22939.0,Hybrid,3.0,Manual,7850.0
Kia,2018,184492.0,Diesel,1.0,Automatic,7537.0
Audi,2004,50731.0,Diesel,,Manual,3611.0
Honda,2011,91563.0,Electric,2.0,Automatic,15195.5
Ford,2012,,Gasoline,2.0,Automatic,11401.0
Audi,2019,161067.0,Hybrid,2.0,Manual,22844.0
Toyota,2009,118953.0,Gasoline,3.0,Automatic,7966.0
Audi,2017,168298.0,Gasoline,5.0,Automatic,27534.0
Hyundai,2002,190865.0,,3.0,Manual,1000.0
BMW,2009,58896.0,Gasoline,2.0,Manual,15157.0
Kia,2010,112429.0,Electric,3.0,Manual,11851.0
Kia,2013,20383.0,Gasoline,2.0,Manual,13543.0
Mercedes,2002,17497.0,Gasoline,1.0,Automatic,6098.0
Nissan,2009,30465.0,Gasoline,4.0,Automatic,15674.0
Audi,2008,148350.0,Gasoline,1.0,Automatic,1944.0
BMW,2010,162381.0,Hybrid,4.0,Manual,18217.0
Kia,2022,123354.0,Electric,2.0,Automatic,15195.5
Hyundai,2007,76758.0,Diesel,4.0,Automatic,7956.0
Ford,2022,56916.0,Gasoline,2.0,Automatic,20550.0
Nissan,2012,157019.0,Diesel,3.0,Manual,11082.0
Hyundai,2006,114036.0,Hybrid,3.0,Automatic,3715.0
Hyundai,2005,84080.0,Hybrid,4.0,Manual,6474.0
Mercedes,2009,148266.0,Gasoline,4.0,Automatic,15480.0
Audi,2012,62112.0,Hybrid,,Manual,15195.5
Audi,2023,42787.0,Gasoline,4.0,Manual,39276.0
Ford,2019,77247.0,Electric,,Automatic,24282.0
Toyota,2007,121371.0,Gasoline,4.0,Automatic,8882.0
Hyundai,2010,135229.0,Hybrid,4.0,Automatic,13523.0
Kia,2010,199228.0,Gasoline,2.0,Automatic,4592.0
Honda,2007,116603.0,Diesel,3.0,Automatic,7040.0
Toyota,2011,172095.0,Diesel,2.0,Manual,5986.0
Toyota,2005,10511.0,Hybrid,3.0,Automatic,13632.0
BMW,2023,19661.0,Hybrid,1.0,Automatic,39805.0
Toyota,2007,59351.0,Gasoline,1.0,Automatic,15195.5
Toyota,2003,145625.0,Diesel,4.0,Automatic,4743.0
Audi,2014,15170.0,Electric,2.0,Manual,29143.0
Mercedes,2002,23871.0,Diesel,4.0,Manual,12583.0
Audi,2004,197722.0,Diesel,5.0,Automatic,6014.0
Kia,2016,32937.0,Electric,1.0,Manual,18663.0
Ford,2000,133740.0,Diesel,3.0,Automatic,1000.0
Hyundai,2002,141253.0,Hybrid,1.0,Automatic,1000.0
Mercedes,2011,147805.0,Electric,5.0,Manual,24392.0
Ford,2004,80680.0,Diesel,3.0,Automatic,7568.0
Hyundai,2020,,Gasoline,4.0,Automatic,17768.0
